Date,HomeTeam,AwayTeam
2026-05-10,AIK,Djurgarden
2026-05-10,Kalmar,Halmstad
2026-05-10,Hacken,Malmo FF
2026-05-11,Sirius,Orgryte
2026-05-16,GAIS,Degerfors
2026-05-16,Halmstad,Elfsborg
2026-05-17,Hammarby,Malmo FF
2026-05-17,Brommapojkarna,Kalmar
2026-05-17,Mjallby,Hacken
2026-05-17,Vasteras SK,AIK
2026-05-18,Djurgarden,Sirius
2026-05-18,Orgryte,Goteborg
2026-05-20,GAIS,Hammarby
2026-05-21,Elfsborg,Mjallby
2026-05-22,Djurgarden,Brommapojkarna
2026-05-23,Halmstad,Orgryte
2026-05-23,Kalmar,Degerfors
2026-05-24,Hammarby,AIK
2026-05-24,Sirius,GAIS
2026-05-24,Malmo FF,Vasteras SK
2026-05-25,Elfsborg,Hacken
2026-05-25,Goteborg,Mjallby
2026-05-29,Orgryte,Elfsborg
2026-05-30,AIK,Sirius
2026-05-30,GAIS,Kalmar
2026-05-30,Malmo FF,Halmstad
2026-05-31,Hacken,Hammarby
2026-05-31,Degerfors,Brommapojkarna
2026-05-31,Vasteras SK,Goteborg
2026-05-31,Mjallby,Djurgarden
2026-07-05,Hacken,Djurgarden
2026-07-05,Degerfors,Malmo FF
2026-07-05,Halmstad,Vasteras SK
2026-07-05,Brommapojkarna,GAIS
2026-07-05,Elfsborg,Hammarby
2026-07-05,Goteborg,AIK
2026-07-05,Sirius,Mjallby
2026-07-05,Kalmar,Orgryte
2026-07-12,Djurgarden,Halmstad
2026-07-12,GAIS,Elfsborg
2026-07-12,Hammarby,Kalmar
2026-07-12,Brommapojkarna,Sirius
2026-07-12,Malmo FF,Goteborg
2026-07-12,Mjallby,AIK
2026-07-12,Orgryte,Hacken
2026-07-12,Vasteras SK,Degerfors
2026-07-19,AIK,GAIS
2026-07-19,Halmstad,Hacken
2026-07-19,Hammarby,Degerfors
2026-07-19,Elfsborg,Sirius
2026-07-19,Goteborg,Brommapojkarna
2026-07-19,Kalmar,Malmo FF
2026-07-19,Mjallby,Vasteras SK
2026-07-19,Orgryte,Djurgarden
2026-07-26,Hacken,AIK
2026-07-26,Degerfors,Djurgarden
2026-07-26,GAIS,Halmstad
2026-07-26,Brommapojkarna,Hammarby
2026-07-26,Sirius,Goteborg
2026-07-26,Kalmar,Mjallby
2026-07-26,Malmo FF,Elfsborg
2026-07-26,Vasteras SK,Orgryte
2026-08-02,AIK,Orgryte
2026-08-02,Hacken,Kalmar
2026-08-02,Djurgarden,Vasteras SK
2026-08-02,Halmstad,Sirius
2026-08-02,Brommapojkarna,Malmo FF
2026-08-02,Goteborg,Degerfors
2026-08-09,Halmstad,GAIS
2026-08-09,Hammarby,Hacken
2026-08-09,Goteborg,Kalmar
2026-08-09,Sirius,Brommapojkarna
2026-08-09,Malmo FF,Degerfors
2026-08-09,Mjallby,Elfsborg
2026-08-09,Orgryte,AIK
2026-08-09,Vasteras SK,Djurgarden
2026-08-16,Hacken,Halmstad
2026-08-16,Degerfors,Goteborg
2026-08-16,Djurgarden,AIK
2026-08-16,GAIS,Malmo FF
2026-08-16,Brommapojkarna,Orgryte
2026-08-16,Elfsborg,Vasteras SK
2026-08-16,Kalmar,Hammarby
2026-08-16,Mjallby,Sirius
2026-08-23,AIK,Mjallby
2026-08-23,Hammarby,GAIS
2026-08-23,Brommapojkarna,Degerfors
2026-08-23,Goteborg,Elfsborg
2026-08-23,Sirius,Hacken
2026-08-23,Malmo FF,Djurgarden
2026-08-23,Orgryte,Halmstad
2026-08-23,Vasteras SK,Kalmar
2026-08-30,AIK,Hammarby
2026-08-30,Hacken,Vasteras SK
2026-08-30,Djurgarden,Mjallby
2026-08-30,GAIS,Brommapojkarna
2026-08-30,Halmstad,Kalmar
2026-08-30,Elfsborg,Degerfors
2026-08-30,Goteborg,Orgryte
2026-08-30,Sirius,Malmo FF
2026-09-06,Degerfors,Halmstad
2026-09-06,GAIS,Hacken
2026-09-06,Brommapojkarna,Elfsborg
2026-09-06,Kalmar,Djurgarden
2026-09-06,Malmo FF,AIK
2026-09-06,Mjallby,Goteborg
2026-09-06,Orgryte,Hammarby
2026-09-06,Vasteras SK,Sirius
2026-09-13,AIK,Vasteras SK
2026-09-13,Hacken,Mjallby
2026-09-13,Djurgarden,GAIS
2026-09-13,Hammarby,Brommapojkarna
2026-09-13,Elfsborg,Kalmar
2026-09-13,Goteborg,Halmstad
2026-09-13,Sirius,Degerfors
2026-09-13,Malmo FF,Orgryte
2026-09-20,Degerfors,Hammarby
2026-09-20,Djurgarden,Elfsborg
2026-09-20,Halmstad,AIK
2026-09-20,Brommapojkarna,Goteborg
2026-09-20,Kalmar,Hacken
2026-09-20,Mjallby,GAIS
2026-09-20,Orgryte,Sirius
2026-09-20,Vasteras SK,Malmo FF
2026-10-11,AIK,Brommapojkarna
2026-10-11,Hacken,Orgryte
2026-10-11,GAIS,Sirius
2026-10-11,Hammarby,Djurgarden
2026-10-11,Elfsborg,Halmstad
2026-10-11,Goteborg,Vasteras SK
2026-10-11,Malmo FF,Kalmar
2026-10-11,Mjallby,Degerfors
2026-10-18,AIK,Goteborg
2026-10-18,Degerfors,Kalmar
2026-10-18,Halmstad,Hammarby
2026-10-18,Brommapojkarna,Djurgarden
2026-10-18,Sirius,Elfsborg
2026-10-18,Malmo FF,Hacken
2026-10-18,Orgryte,GAIS
2026-10-18,Vasteras SK,Mjallby
2026-10-25,Hacken,Degerfors
2026-10-25,Djurgarden,Orgryte
2026-10-25,GAIS,Goteborg
2026-10-25,Elfsborg,Malmo FF
2026-10-25,Sirius,AIK
2026-10-25,Kalmar,Brommapojkarna
2026-10-25,Mjallby,Hammarby
2026-10-25,Vasteras SK,Halmstad
2026-10-28,AIK,Elfsborg
2026-10-28,Degerfors,Vasteras SK
2026-10-28,Halmstad,Malmo FF
2026-10-28,Hammarby,Sirius
2026-10-28,Brommapojkarna,Hacken
2026-10-28,Goteborg,Djurgarden
2026-10-28,Kalmar,GAIS
2026-10-28,Orgryte,Mjallby
2026-11-01,Hacken,Goteborg
2026-11-01,Djurgarden,Degerfors
2026-11-01,GAIS,AIK
2026-11-01,Elfsborg,Orgryte
2026-11-01,Sirius,Halmstad
2026-11-01,Malmo FF,Hammarby
2026-11-01,Mjallby,Kalmar
2026-11-01,Vasteras SK,Brommapojkarna
2026-11-08,AIK,Hacken
2026-11-08,Degerfors,GAIS
2026-11-08,Halmstad,Djurgarden
2026-11-08,Hammarby,Elfsborg
2026-11-08,Brommapojkarna,Mjallby
2026-11-08,Goteborg,Malmo FF
2026-11-08,Kalmar,Sirius
2026-11-08,Orgryte,Vasteras SK
2026-11-22,AIK,Degerfors
2026-11-22,Hacken,Elfsborg
2026-11-22,GAIS,Vasteras SK
2026-11-22,Hammarby,Goteborg
2026-11-22,Brommapojkarna,Halmstad
2026-11-22,Sirius,Djurgarden
2026-11-22,Mjallby,Malmo FF
2026-11-22,Orgryte,Kalmar
2026-11-29,Degerfors,Orgryte
2026-11-29,Djurgarden,Hacken
2026-11-29,Halmstad,Mjallby
2026-11-29,Elfsborg,GAIS
2026-11-29,Goteborg,Sirius
2026-11-29,Kalmar,AIK
2026-11-29,Malmo FF,Brommapojkarna
2026-11-29,Vasteras SK,Hammarby
